local-authority-code,overlap
BUC,DAC|WNM|HRT|KEN|WNT|CHR|SLG|THE|WOK|SOX|OXF|MIK|CBF|HIL
DST,HRT|EDE|WIL|SSO|NEW|DEV|BPC|SOM
BOL,LAN|BBD|GMCA|BUR|CHO|WGN|SLF
BRD,CLD|PEN|CRA|KIR|WYCA|NYK|LEC|LDS|HAG
BUR,RCH|BBD|GMCA|ROS|LEC|BOL|SLF|MAN
CLD,RCH|BUN|PEN|WYCA|KIR|ROS|LEC|OLD|BRD
WLV,SST|DUD|STS|WMCA|WLL|SAW
COV,WAW|WMCA|NUN|SOL|NWA|RUG|WAR
DNC,BNS|WKF|SCR|NLN|SEL|NYK|OXF|BAE|ROT|ERY
DUD,SST|STS|BIR|BRM|WMCA|WLV|WOR|SAW
GAT,STY|DUR|SND|NBL|NECA|NET
KIR,BNS|WKF|CLD|WYCA|OLD|HIG|LDS|DBY|BRD
KWL,LIV|LAN|SHN|SFT|LCR|WLA|HAL
LDS,WKF|SEL|WYCA|KIR|NYK|BRD|HAG
LIV,CHW|WRL|KWL|SFT|LCR|HAL
MAN,RCH|SKP|GMCA|BUR|TRF|TAM|OLD|CHE|SLF
NET,STY|NTCA|NTY|NBL|GAT
NTY,STY|NET|NBL|NTCA
OLD,RCH|CLD|GMCA|KIR|TAM|HIG|DBY|MAN
RCH,CLD|GMCA|BUR|ROS|LEC|OLD|MAN
WGN,LAN|SHN|GMCA|CHO|WRT|BOL|WLA|SLF
WRL,FLN|CHW|LIV|LCR|SFT
SWA,NTL|CMN
ANS,DND|ABD|PKN
BAS,BST|WIL|NSM|WECA|SGC|MEN|SOM
BDF,NNT|HUN|CAM|MIK|CBF
BBD,LAN|RIB|BUR|ROS|LEC|CHO|HYN|BOL|SRI
BPL,FYL|WYR|LAN
BGW,CAY|TOF|POW|MON
BPC,HRT|DST|NEW
BRC,WNM|SRY|WOK|HAM|HAT|SUR
VGL,BGE|CRF|RCT
CAY,BGW|CRF|POW|RCT|NWP|TOF|MTY
NWP,CAY|TOF|CRF|MON
NTL,POW|BGE|RCT|SWA|CMN
CBF,DAC|KEN|HUN|BUC|CAM|NHE|LUT|SCA|SAL|BDF|MIK
CHE,CHW|SHR|STS|SKP|TRF|NEC|SFK|HIG|WRT|DBY|MAN|STF
CHW,FLN|WRL|SHR|LIV|WRX|WRT|CHE|HAL
BST,CRF|BAS|NSM|WECA|SGC|MON
DER,AMB|SDE|ERE|DBY
KHL,ERY
LCE,CHA|BLA|HAO|OAD|LEC
NGM,RUS|BRT|GED|ASH|NTT
PTE,SKE|FEN|HUN|CPCA|CAM|SHO|LIN|NNT
STH,HRT|TES|NEW|EAT
STE,STS|NEC|SFK|STF|STA
CLK,FIF|FAL|STG|PKN
CWY,GWN|DEN
SFT,WRL|LIV|LAN|KWL|LCR|WLA
SHF,NED|BNS|SCR|DEB|HIG|DBY|ROT
SOL,STR|WAW|BIR|BRM|WMCA|WOR|NWA|COV|WAR
STY,NTY|SND|NECA|GAT|NET
SKP,DBY|GMCA|TAM|HIG|CHE|MAN
SHN,LAN|KWL|LCR|WLA|WRT|WGN|HAL
SND,STY|DUR|NECA|GAT
TAM,SKP|GMCA|OLD|HIG|DBY|MAN
TRF,GMCA|WRT|CHE|SLF|MAN
WKF,BNS|SEL|DNC|KIR|WYCA|NYK|LDS
WLL,SST|CAN|LIF|STS|BIR|WMCA|WLV|SAW
SLF,GMCA|BUR|TRF|WGN|BOL|WRT|MAN
SAW,DUD|BIR|WMCA|WLL|WLV
HEF,SHR|POW|WOR|FOE|MAV|GLS|MON
DAL,DUR|TVCA|NYK|STT|RIH|HAE
DND,ANS|PKN
EAY,ERW|DGY|SLK|SAY|NAY
EDU,WDU|NLK|STG|GLG
ERW,EAY|SLK|RFW|NAY|GLG
ERY,NLN|SEL|DNC|YOR|NYK|RYE|KHL|NTT|SCE
FAL,CLK|NLK|WLN|STG
GLG,NLK|ERW|SLK|EDU|WDU|RFW
HAL,CHW|LIV|KWL|SHN|LCR|WRT
SHR,CHW|WYE|SST|STS|WRX|POW|HEF|MAV|NEC|WOR|TFW|CHE|STA
DEN,FLN|WRX|POW|GWN|CWY
CMN,NTL|CGN|POW|PEM|SWA
FLN,WRX|CHW|WRL|DEN
SLG,WNM|BUC|SRY|SPE|HIL
SOS,CAS|ROC|ESS
SGC,BAS|BST|COT|FOE|WIL|STO|WECA|GLS|MON
SLK,EAY|NLK|ERW|DGY|WLN|SCB|GLG
STG,NLK|FAL|PKN|EDU|WDU|AGB|CLK
STT,DUR|TVCA|NYK|RCC|MDB|HPL|DAL|HAE
SWD,VAL|COT|WIL|GLS|OXF
TFW,STS|STA|SST|SHR
BNH,LEE|HOR|ADU|MSS|ESX|WOR|WSX
THR,BRW|GRA|BEX|KEN|ESS|BAI|MDW|DAR|HAV|CAS
TOF,CAY|BGW|NWP|MON
TOB,SHA|TEI|DEV
WRT,CHW|SHN|TRF|WGN|CHE|SLF|HAL
WBK,HRT|TES|VAL|BAN|RDG|WOK|WIL|SOX|OXF
WDU,EDU|RFW|IVC|AGB|STG|GLG
WLN,NLK|FAL|SLK|SCB|EDH
WIL,HRT|TES|VAL|BAS|SWD|COT|OXF|NEW|WBK|SSO|SGC|MEN|DST|GLS|SOM
WNM,RUN|BRC|BUC|SRY|SLG|SPE|WOK|SUR
WOK,WNM|BRC|HRT|BUC|BAN|RDG|HAM|SOX|WBK|HAT|OXF
WRX,FLN|DEN|CHW|SHR|POW
YOR,SEL|NYK|RYE|HAE|HAG|ERY
IOW,
AGY,
GWN,POW|DEN|CGN|CWY
CRF,VGL|BST|RCT|NWP|CAY
CGN,PEM|GWN|POW|CMN
MON,BGW|BST|POW|HEF|FOE|NWP|SGC|TOF|GLS
PEM,CGN|CMN
NSM,BAS|BST|MEN|SEG|SOM
IVC,AGB|WDU|RFW|NAY
LUT,KEN|CBF|NHE
MDW,KEN|GRA|ESS|SWL|THR|LAN|CAS|MAI|TON
MTY,CAY|POW|RCT
MDB,TVCA|NYK|RCC|STT|HAE
MLN,SCB|ELN|EDH
MIK,NNT|WNT|BUC|BDF|CBF
NEL,ELI|WLI|NLN|NFK|LIN
NLK,FAL|SLK|EDU|WLN|STG|GLG
NLN,NEL|WLI|DNC|NFK|OXF|BAE|ERY
BGE,VGL|NTL|RCT
PKN,ABD|FIF|AGB|ANS|DND|STG|HLD|CLK
POW,NTL|BGW|DEN|CGN|SHR|WRX|GWN|HEF|RCT|CMN|CAY|MTY|MON
RDG,OXF|WOK|SOX|WBK
RCC,TVCA|NYK|MDB|STT|HPL|HAE|NTT|SCE
RFW,ERW|WDU|NAY|IVC|GLG
RCT,NTL|CRF|VGL|BGE|POW|CAY|MTY
RUT,SKE|MEL|HAO|LEC|LIN|NNT
AGB,PKN|WDU|IVC|STG|HLD
ABD,MRY|PKN|ABE|ANS|HLD
FIF,CLK|PKN
ABE,ABD
EDH,WLN|MLN|ELN|SCB
ELN,SCB|MLN|EDH
BIR,DUD|LIF|STS|BRM|WLL|WMCA|WOR|SOL|NWA|SAW|WAR
MRY,ABD|HLD
POR,GOS|HAA|FAR|HAM|WIN
PLY,CON|SHA|DEV
SAY,EAY|NAY|DGY
CON,WDE|PLY|TOR|SHA|DEV
IOS,
ORK,
ZET,
HLD,AGB|MRY|ABD|PKN
ELS,
BNS,SHF|WKF|SCR|DNC|KIR|HIG|DBY|ROT
NNT,WNT|SKE|HUN|HAO|CAM|LEC|RUT|LIN|PTE|MIK|BDF
DUR,CMA|EDN|NYK|STT|SND|NBL|RIH|GAT|HPL|NECA|DAL
NBL,DUR|NTCA|CMA|NTY|SCB|CAR|GAT|EDN|NET
DGY,EAY|CMA|SLK|SCB|SAY|CAR|ALL
SCB,DGY|CMA|SLK|WLN|NBL|CAR|EDH|MLN|ELN
NAY,EAY|ERW|RFW|SAY|IVC
HPL,STT|DUR|TVCA|RCC
ROT,NED|BNS|SHF|SCR|BOS|DEV|DNC|BAE|DBY|OXF
WNT,NNT|STR|BUC|HAO|CHR|LEC|MIK|RUG|OXF|WAR
FEN,ECA|CPCA|HUN|CAM|NFK|SHO|KIN|PTE|LIN
SCA,ECA|KEN|CPCA|UTT|HUN|CAM|NHE|BRA|WSK|GLS|CAB|CBF
ECA,FEN|CPCA|HUN|CAM|NFK|KIN|SCA|WSK
HUN,ECA|FEN|CPCA|CAM|SCA|PTE|BDF|NNT|CBF
CAB,CAM|SCA|CPCA
HIG,BNS|SHF|SKP|DBY|KIR|DEB|TAM|OLD|SFK|CHE|STF
ERE,RUS|BRT|AMB|SDE|NTT|DBY|DER|LIN|NWL
NED,SHF|CHS|BOS|DEV|DEB|AMB|DBY|ROT
AMB,NED|ASH|BOS|DEV|DEB|BRT|ERE|SDE|DBY|DER|NTT
CHS,BOS|DBY|NED|DEV
BRW,CHL|ESS|THR|BAI|HAV|EPP|GLS
EPP,BRW|HRT|CHL|HAR|ESS|UTT|WFT|EHE|ENF|BRX|RDB|HAV|GLS
UTT,KEN|HRT|CHL|ESS|EHE|CAM|NHE|SCA|EPP|BRA|GLS
CHL,BRW|MAL|ROC|UTT|ESS|BAI|EPP|BRA|GLS
HAR,HRT|EHE|EPP|ESS
COT,CHT|VAL|STR|TEW|SWD|WOR|WIL|STO|OXF|WYC|SGC|WOX|GLS|WAR
TEW,CHT|GLO|COT|WOR|FOE|STO|MAV|WYC|GLS
GLO,TEW|STO|GLS
CHT,TEW|COT|GLS
BAN,HRT|TES|WOK|EHA|HAM|WIN|WBK|HAT
NEW,HRT|TES|EAT|WIL|BPC|DST|STH
EAT,HRT|TES|FAR|HAM|WIN|NEW|STH
EHA,HRT|HAA|BAN|CHI|HAM|WAE|WIN|WSX|HAT|WAR
WIN,HRT|TES|HAA|BAN|POR|EAT|FAR|EHA|HAM
TES,HRT|BAN|EAT|HAM|WIL|NEW|WBK|WIN|STH
HAT,HRT|BRC|SRY|BAN|RUH|EHA|WOK|WAE|HAM|WAR|SUR
GOS,HAM|POR|FAR
FAR,HRT|GOS|POR|EAT|HAM|WIN
RUH,HRT|SRY|HAM|WAE|GRT|WAR|HAT|SUR
THE,DAC|HRT|KEN|HER|BUC|HRW|SAL|WAT|HIL
BRX,HRT|ESS|WEW|EHE|ENF|EPP
DAC,KEN|HRT|BUC|THE|SAL|CBF
EHE,KEN|HRT|HAR|ESS|UTT|STV|WEW|NHE|BRX|EPP|GLS
SAL,DAC|KEN|HRT|HER|WEW|NHE|THE|CBF|WAT
WEW,KEN|HRT|HER|EHE|ENF|NHE|SAL|BRX
NHE,KEN|HRT|UTT|STV|EHE|WEW|CAM|LUT|SCA|SAL|CBF|GLS
WAT,KEN|HRT|HER|THE|SAL
STV,KEN|HRT|EHE|NHE
TUN,KEN|ROH|SEV|WEA|LAN|ASF|ESX|MAI|TON
SEV,BRY|GRA|BEX|KEN|WEA|TUN|ESX|DAR|TAN|TON|WAR
TON,KEN|GRA|SEV|TUN|MDW|MAI
ASF,KEN|ROH|SWL|LAN|TUN|ESX|MAI|CAT|SHE
MAI,KEN|SWL|LAN|TUN|ASF|MDW|TON
DAR,KEN|GRA|BEX|SEV|THR
GRA,KEN|SEV|THR|MDW|DAR|TON
CHO,LAN|BBD|BOL|WLA|WGN|SRI
ROS,RCH|CLD|BUN|BBD|BUR|LEC|HYN
PRE,FYL|LAN|RIB|LEC|WYR|SRI
PEN,CLD|BUN|CRA|RIB|NYK|LEC|BRD
BUN,CLD|PEN|RIB|ROS|LEC|HYN
HIN,CHA|BLA|LEC|NUN|NWA|LIN|RUG|NWL|WAR
MEL,SKE|CHA|RUS|HAO|LEC|NEA|RUT|NTT|LIN
HAO,WNT|MEL|BLA|CHA|OAD|LEC|RUT|RUG|NNT|LCE|WAR
BLA,CHA|HAO|OAD|LEC|HIN|RUG|LCE|WAR
CHA,MEL|BLA|RUS|HAO|LEC|NWL|NTT|HIN|LIN|LCE
OAD,LEC|HAO|LCE|BLA
WLI,ELI|NEL|NLN|NFK|NEA|BAE|NTT|LIN|NKE|OXF|LIC
SKE,MEL|LEC|SHO|RUT|NEA|NTT|LIN|PTE|NNT|NKE
SHO,BOT|SKE|FEN|CAM|NFK|KIN|PTE|LIN|NKE
BOT,SHO|ELI|LIN|NKE
NKE,BOT|ELI|WLI|SKE|NFK|SHO|NEA|NTT|LIN|LIC
LIC,WLI|NKE|LIN|NFK
BRE,BRO|NFK|MSU|SFK|KIN|NNO|WSK|SNO
NOW,BRO|SNO|NFK
CRA,CMA|LAC|PEN|RIB|NYK|LEC|RIH|SLA|BRD|HAG
BAE,WLI|BOS|NLN|DNC|NFK|NEA|MAS|DEV|ROT|NTT|OXF
GED,RUS|NEA|ASH|NTT|NGM
ASH,BOS|DEV|BRT|AMB|NEA|MAS|GED|DBY|NTT|NGM
NEA,WLI|SKE|MEL|RUS|NFK|LEC|MAS|BAE|GED|LIN|ASH|NTT|NKE|OXF
BRT,RUS|ERE|AMB|DBY|ASH|NTT|NGM
MAS,BOS|NEA|BAE|DEV|ASH|NTT|OXF
VAL,SWD|COT|CHR|WIL|SOX|WBK|OXO|WOX|GLS|OXF
SOX,VAL|BUC|CHR|RDG|WOK|WBK|OXO|OXF
WOX,VAL|STR|CHR|COT|GLS|OXF|WAR
OXO,SOX|CHR|VAL|OXF
MEN,BAS|WIL|SSO|NSM|SEG|SOM
CAN,SST|LIF|STS|WLL|STA
MSU,BRE|BAB|NFK|ESK|SFK|WSK|IPS|SNO
IPS,SFK|ESK|BAB|MSU
WAE,HRT|HOR|MOL|SRY|CHI|RUH|EHA|HAM|GRT|WSX|HAT|WAR
WOI,RUN|SRY|GRT|ELM|SUR
SUR,RUN|WNM|BRC|WOI|HRT|SRY|RUH|HAM|GRT|HAT
RUN,WNM|WOI|SRY|SPE|ELM|SUR
GRT,HRT|WOI|MOL|SRY|RUH|WAE|WAR|ELM|SUR
REI,CRY|STN|MOL|EPS|WAR|WSX|TAN|CRW
MOL,REI|HOR|EPS|KTT|SRY|WAE|GRT|WAR|WSX|ELM|CRW
ELM,RUN|WOI|MOL|RIC|KTT|SRY|SPE|GRT|WAR
EPS,STN|REI|MOL|KTT|WAR
RUG,STR|WNT|HIN|WAW|BLA|HAO|LEC|NUN|COV|WAR
NUN,HIN|LEC|NWA|COV|RUG|WAR
MSS,LEE|HOR|WEA|ESX|BNH|WAR|WSX|TAN|CRW
CRW,REI|HOR|MOL|MSS|WSX|TAN|WAR
MAV,WYE|SHR|TEW|HEF|WOC|WOR|FOE|WYC|GLS
WYE,SST|SHR|STS|BRM|WOR|MAV|WYC
WYC,STR|WYE|TEW|COT|BRM|RED|WOC|WOR|MAV|GLS|WAR
BRM,STR|WYE|DUD|SST|STS|BIR|RED|WOR|SOL|WYC|WAR
WOC,WYC|WOR|MAV
RED,STR|BRM|WOR|WYC|WAR
BRO,BRE|NFK|NOW|NNO|GRY|SNO
COP,ALL|BAR|CMA|SLA
CAR,DGY|CMA|SCB|NBL|ALL|EDN
SLA,CMA|COP|LAC|CRA|NYK|LEC|BAR|RIH|ALL|EDN
ALL,DGY|CMA|COP|CAR|SLA|EDN
EDN,DUR|CMA|NYK|NBL|CAR|SLA|RIH|ALL
BAR,COP|CMA|SLA
SDE,LIF|STS|EST|DEB|ERE|AMB|SFK|DBY|DER|LIN|NWL
BOS,NED|ASH|CHS|DBY|AMB|MAS|BAE|DEV|ROT|NTT|OXF
DEB,NED|SHF|EST|AMB|SFK|SDE|HIG|DBY|STF
NDE,TOR|SWT|MDE|DEV
EDE,EXE|MDE|TEI|SSO|DEV|SWT|DST|SOM
TEI,EXE|MDE|WDE|EDE|SHA|TOB|DEV
WDE,CON|MDE|TEI|TOR|SHA|DEV
MDE,WDE|TEI|EDE|NDE|TOR|DEV|SWT
EXE,DEV|TEI|EDE
LEE,WEA|MSS|ESX|BNH|WSX
ROH,KEN|WEA|LAN|TUN|ASF|ESX|SHE|HAS
WEA,LEE|KEN|ROH|SEV|MSS|TUN|ESX|WSX|TAN|EAS|WAR
EAS,ESX|WEA
HAS,ESX|ROH
ROC,MAL|CHL|ESS|SOS|BAI|CAS|GLS
TEN,SFK|COL|BAB|GLS
COL,MAL|BAB|TEN|SFK|BRA|GLS
MAL,CHL|ROC|ESS|COL|BRA|GLS
BRA,MAL|CHL|BAB|UTT|CAM|COL|SFK|SCA|WSK|GLS
BAI,BRW|CHL|ROC|ESS|THR|CAS|GLS
CAS,ROC|ESS|SOS|BAI|THR|MDW
FOE,TEW|HEF|WOR|STO|MAV|SGC|GLS|MON
STO,GLO|TEW|COT|FOE|SGC|GLS
HAA,POR|CHI|EHA|HAM|WIN|WSX
HER,KEN|HRT|BNE|HRW|WEW|ENF|THE|SAL|WAT
SHE,ROH|LAN|DOV|ASF|ESX|CAT
THA,LAN|CAT|DOV
CAT,SWL|LAN|DOV|ASF|THA|SHE
DOV,THA|LAN|CAT|SHE
SWL,KEN|LAN|ASF|MDW|MAI|CAT
WLA,FYL|LAN|KWL|SHN|SFT|CHO|WGN|SRI
LAC,CMA|LAN|RIB|CRA|NYK|LEC|SLA|WYR
SRI,FYL|LAN|BBD|RIB|PRE|CHO|LEC|WLA
FYL,LAN|PRE|WLA|WYR|BPL|SRI
WYR,FYL|LAC|LAN|RIB|PRE|LEC|BPL
RIB,BUN|LAC|PEN|BBD|CRA|LAN|NYK|PRE|LEC|HYN|WYR|SRI
HYN,BUN|BBD|RIB|ROS|LEC
NWL,CHA|RUS|LIF|STS|ERE|LEC|SDE|NTT|NWA|DBY|HIN|LIN|WAR
ELI,BOT|NEL|WLI|NFK|LIN|NKE
GRY,BRO|NFK|ESK|NNO|SNO
SNO,BRE|BRO|NFK|MSU|ESK|SFK|NOW|GRY
KIN,ECA|BRE|FEN|CAM|NFK|SHO|NNO|WSK|LIN
SCE,NYK|RCC|RYE|HAE|NTT|ERY
SEL,WKF|DNC|YOR|NYK|LDS|HAG|ERY
RIH,DUR|CMA|CRA|EDN|NYK|SLA|DAL|HAE|HAG
HAG,SEL|CRA|YOR|NYK|LDS|RIH|BRD|HAE
RYE,NYK|YOR|ERY|HAE|NTT|SCE
HAE,YOR|RCC|MDB|STT|RYE|NYK|NTT|RIH|DAL|HAG|SCE
RUS,MEL|CHA|ERE|BRT|LEC|NEA|GED|DBY|LIN|NTT|NWL|NGM
CHR,VAL|WNT|STR|BUC|SOX|OXO|WOX|OXF|WAR
SWT,MDE|EDE|NDE|SSO|DEV|SEG|SOM
SSO,EDE|WIL|DEV|SWT|MEN|DST|SEG|SOM
SEG,SSO|NSM|SWT|MEN|SOM
STF,STE|STS|DBY|EST|DEB|NEC|SFK|HIG|CHE|STA
SST,WYE|SHR|DUD|CAN|STS|BRM|WLL|WLV|WOR|TFW|STA
LIF,TAW|CAN|STS|BIR|WLL|EST|SFK|SDE|NWA|DBY|LIN|NWL|STA|WAR
NEC,STE|SHR|STS|SFK|CHE|STF|STA
STA,STE|SST|CAN|SHR|LIF|STS|EST|NEC|SFK|TFW|STF
EST,LIF|STS|DEB|SFK|SDE|DBY|STF|STA
TAW,LIF|STS|NWA|WAR
ESK,IPS|BAB|NFK|MSU|SFK|GRY|SNO
BAB,COL|TEN|MSU|ESK|SFK|WSK|GLS|BRA|IPS
WSK,ECA|BRE|BAB|CAM|NFK|MSU|SFK|KIN|SCA|BRA|GLS
TAN,BRY|CRY|REI|KEN|SEV|WEA|MSS|ESX|WAR|WSX|CRW
SPE,RUN|WNM|RIC|SRY|SLG|ELM|HNS|HIL
NWA,HIN|TAW|LIF|STS|BIR|LEC|NUN|SOL|COV|LIN|NWL|WAR
WAW,STR|SOL|COV|RUG|WAR
STR,WNT|WAW|COT|BRM|RED|CHR|WOR|OXF|SOL|WYC|WOX|RUG|GLS|WAR
ARU,HOR|ADU|WOT|CHI|WOR|WSX
ADU,HOR|WOT|ARU|WOR|BNH|WSX
CHI,HOR|HAA|ARU|EHA|WAE|HAM|WSX|WAR
HOR,MOL|ADU|MSS|ARU|CHI|WOR|BNH|WAE|WAR|WSX|CRW
WOT,WOR|ADU|ARU|WSX
KTT,STN|WND|MOL|MRT|EPS|RIC|SRY|GLA|ELM|WAR
CRY,BRY|STN|REI|LBH|MRT|GLA|TAN|WAR
BRY,KEN|CRY|BEX|SEV|LBH|GRE|GLA|TAN|LEW|SWK|WAR
HNS,RIC|HMF|SRY|EAL|SPE|GLA|HIL
EAL,HRW|HMF|GLA|BEN|HNS|HIL
HAV,BRW|BEX|BDG|ESS|THR|GLA|RDB|EPP
HIL,HRT|BUC|HRW|SRY|SLG|EAL|SPE|GLA|THE|HNS
HRW,HRT|BNE|HER|EAL|GLA|THE|BEN|HIL
BEN,KEC|BNE|WSM|HRW|HMF|CMD|EAL|GLA
BNE,HRT|HER|HRY|HRW|CMD|ENF|GLA|BEN
LBH,BRY|CRY|WND|MRT|WSM|LND|GLA|SWK
SWK,BRY|LBH|LND|GLA|TWH|LEW
LEW,BRY|GRE|GLA|TWH|SWK
GRE,BRY|BEX|BDG|GLA|TWH|LEW|NWM
BEX,BRY|KEN|BDG|SEV|THR|GRE|GLA|DAR|HAV
ENF,HRT|BNE|HER|WFT|HRY|WEW|ESS|GLA|BRX|EPP
WFT,ESS|HRY|HCK|ENF|GLA|RDB|EPP|NWM
RDB,BDG|ESS|WFT|GLA|HAV|EPP|NWM
STN,CRY|REI|MRT|EPS|KTT|GLA|WAR
RIC,WND|KTT|HMF|SRY|GLA|SPE|ELM|HNS
MRT,CRY|STN|WND|LBH|KTT|GLA
WND,KEC|MRT|RIC|LBH|KTT|HMF|WSM|GLA
HMF,WND|KEC|RIC|EAL|GLA|BEN|HNS
KEC,WND|WSM|HMF|GLA|BEN
WSM,WND|KEC|LBH|CMD|LND|GLA|BEN
CMD,ISL|BNE|HRY|WSM|LND|GLA|BEN
TWH,HCK|GRE|LND|GLA|LEW|SWK|NWM
ISL,HRY|HCK|CMD|LND|GLA
HCK,ISL|HRY|WFT|LND|GLA|TWH|NWM
HRY,ISL|BNE|WFT|HCK|CMD|ENF|GLA
NWM,BDG|HCK|WFT|GRE|GLA|TWH|RDB
BDG,BEX|GRE|GLA|RDB|HAV|NWM
LND,ISL|LBH|WSM|HCK|CMD|GLA|TWH|SWK
NNO,BRE|BRO|NFK|KIN|GRY
SHA,CON|WDE|TEI|PLY|TOB|DEV
TOR,CON|MDE|WDE|NDE|DEV
ANN,MUL|MEA|ABC|BFS|LBC
ABC,ANN|MUL|LBC|NMD
BFS,ANN|LBC|AND
CCG,MUL|DRS|MEA
DRS,FMO|MUL|CCG
FMO,MUL|DRS
LBC,ANN|ABC|AND|BFS|NMD
MEA,ANN|CCG|MUL
MUL,FMO|ANN|ABC|MEA|CCG|DRS
NMD,AND|ABC|LBC
AND,BFS|LBC|NMD
CAM,ECA|FEN|CPCA|UTT|HUN|NHE|BRA|SHO|KIN|SCA|PTE|WSK|CAB|BDF|NNT|CBF
CMA,DUR|DGY|COP|LAC|CRA|SCB|BAR|NBL|RIH|SLA|CAR|ALL|EDN
DBY,SHF|RUS|SKP|DEB|HIG|ASH|CHS|BOS|AMB|ROT|LIF|TAM|NWL|BNS|NED|EST|KIR|BRT|ERE|OLD|SDE|CHE|DER|STF
DEV,CON|EXE|MDE|TEI|PLY|MAS|ASH|CHS|BOS|AMB|TOB|BAE|SWT|ROT|DST|NED|WDE|EDE|TOR|NDE|SHA|SSO
ESS,BRW|MAL|CHL|HAR|ROC|UTT|THR|BAI|EHE|WFT|ENF|SOS|MDW|BRX|RDB|HAV|CAS|EPP
ESX,LEE|ROH|SEV|WEA|MSS|HAS|TUN|ASF|BNH|TAN|EAS|SHE
GLA,HRW|KTT|ENF|TWH|RDB|SWK|BEX|BNE|RIC|GRE|LND|HNS|LEW|CRY|STN|KEC|BDG|LBH|WFT|MRT|HMF|WSM|HRY|EAL|NWM|BRY|WND|ISL|HCK|CMD|BEN|HAV|HIL
GLS,CHT|GLO|BAB|COL|FOE|SCA|MAV|WOX|MAL|VAL|ROC|UTT|EHE|SGC|CHL|COT|WIL|WSK|WYC|EPP|BRW|STR|BAI|SWD|TEW|TEN|NHE|HEF|STO|BRA|MON
HAM,GOS|TES|BRC|HAA|BAN|POR|EAT|CHI|FAR|EHA|WAE|WOK|WIN|RUH|HAT|SUR
HRT,HER|HRW|ENF|WBK|SUR|TES|BNE|UTT|EHE|FAR|EHA|WAE|GRT|WIN|SAL|BPC|HAT|STV|BAN|EAT|WIL|NEW|BRX|DST|EPP|DAC|HAR|BUC|WEW|NHE|THE|WOK|RUH|STH|WAT|HIL
KEN,GRA|ROH|SWL|WEA|HER|THR|ASF|SCA|DAR|TON|BEX|UTT|EHE|TUN|MDW|SAL|CBF|SEV|STV|LUT|TAN|MAI|DAC|BRY|BUC|WEW|NHE|THE|WAT
LAN,ROH|SWL|BBD|RIB|ASF|PRE|CHO|BOL|SRI|LAC|TUN|SFT|MDW|WLA|WYR|BPL|CAT|KWL|MAI|FYL|DOV|SHN|THA|WGN|SHE
LCR,WRL|LIV|KWL|SHN|SFT|HAL
LEC,RCH|RUS|HAO|OAD|BBD|RIB|PRE|NUN|NWA|HIN|NNT|SRI|BUN|LAC|PEN|CRA|NEA|SLA|WYR|LCE|WNT|SKE|MEL|BUR|ROS|RUT|HYN|RUG|BLA|CLD|CHA|BRD|NWL
LIN,RUS|NWA|HIN|NNT|NEL|NEA|PTE|NKE|BOT|ELI|WLI|SKE|MEL|LIF|RUT|KIN|LIC|FEN|CHA|ERE|SHO|SDE|NWL
NFK,NOW|SNO|NEL|ESK|NEA|BAE|GRY|NKE|ELI|BRE|WLI|MSU|KIN|WSK|LIC|ECA|FEN|NLN|BRO|SHO|NNO
NTT,RUS|RCC|MAS|GED|ASH|BOS|SCE|AMB|NEA|BAE|NKE|ERY|WLI|SKE|MEL|RYE|HAE|CHA|BRT|ERE|NWL|NGM
NYK,RIB|YOR|RCC|DAL|HAG|DUR|LAC|PEN|DNC|CRA|MDB|STT|RIH|SLA|ERY|WKF|SEL|RYE|EDN|HAE|LDS|BRD|SCE
OXF,RDG|MAS|WBK|WOX|VAL|BOS|DNC|NEA|SOX|BAE|OXO|ROT|WLI|WNT|COT|CHR|WIL|STR|NLN|SWD|BUC|WOK
SCR,ROT|BNS|DNC|SHF
SFK,BAB|COL|DEB|HIG|STA|SNO|ESK|IPS|BRE|LIF|MSU|WSK|STE|EST|TEN|NEC|SDE|CHE|BRA|STF
SOM,EDE|BAS|WIL|SSO|NSM|SWT|MEN|DST|SEG
SRY,RUN|WNM|BRC|WOI|MOL|RIC|KTT|SLG|SUR|SPE|RUH|WAE|GRT|ELM|HNS|HAT|HIL
STS,SST|WYE|BIR|WLV|TFW|NWA|STA|DUD|BRM|TAW|CAN|LIF|NWL|STE|SHR|WLL|EST|NEC|SDE|CHE|STF
WAR,REI|MOL|WEA|EPS|HAO|KTT|BIR|NUN|NWA|WOX|COV|HIN|CRW|HOR|WAW|MSS|BRM|RED|EHA|WAE|GRT|SOL|CRY|STN|WNT|SEV|TAW|HAT|LIF|COT|CHR|CHI|TAN|ELM|WYC|RUG|BRY|STR|BLA|RUH|NWL
WOR,SST|WYE|ADU|BIR|WOT|WOC|FOE|MAV|HOR|DUD|BRM|RED|ARU|BNH|SOL|COT|WYC|STR|SHR|TEW|HEF
WSX,LEE|HOR|REI|MOL|ADU|WEA|HAA|MSS|WOT|ARU|CHI|EHA|BNH|WAE|TAN|CRW
CPCA,ECA|FEN|HUN|CAM|SCA|PTE|CAB
GMCA,RCH|SKP|BUR|TRF|TAM|OLD|WGN|BOL|SLF|MAN
NECA,STY|DUR|SND|GAT
NTCA,NTY|NET|NBL
TVCA,RCC|MDB|STT|HPL|DAL
WECA,BAS|BST|SGC
WMCA,DUD|BIR|WLL|WLV|SOL|SAW|COV
WYCA,WKF|CLD|KIR|LDS|BRD
